testcaseId,$firstName,$lastName,$fatherName,$motherName,$guardianName,$idNumber,$rollNumber,$dateOfBirth,$dateOfJoin,$branchId,$standardId,$sectionId,$primaryPhoneNumber,$primaryEmailId,$alternatePhoneNumber,$secondaryEmailId,$gender
1,Ekalinga,Bhooshit,Devendra,Chintamani,Ekalinga,Vjy1,1,24-11-2002,24-05-2015,2,1,1,,,,,M
2,Ekambar,Bhudev,Devesh,Chintan,Ekambar,Vjy2,2,24-11-2002,24-05-2015,2,1,1,,,,,F
3,Ekana,Bhumi,Deveshwar,Chinthanaichelvan,Ekana,Vjy3,3,24-11-2002,24-05-2015,2,1,1,,,,,M
4,Ekanath,Bhupathi,Devilal,Chintya,Ekanath,Vjy4,4,24-11-2002,24-05-2015,2,1,1,,,,,F
5,Ekanga,Bhupen,Deviprasad,Chirag,Ekanga,Vjy5,5,24-11-2002,24-05-2015,2,1,1,,,,,M
6,Ekansh,Bhupendra,Devnarayan,Chiranjeev,Ekansh,Vjy6,6,24-11-2002,24-05-2015,2,1,1,,,,,F
7,Ekapad,Bhushan,Devnath,Chirantan,Ekapad,Vjy7,7,24-11-2002,24-05-2015,2,1,1,,,,,M
8,Ekaraj,Bhuvan,Devraj,Chirayu,Ekaraj,Vjy8,8,24-11-2002,24-05-2015,2,1,1,,,,,F
9,Ekatan,Bhuvanesh,Devya,Chirtrang,Ekatan,Vjy9,9,24-11-2002,24-05-2015,2,1,1,,,,,M
10,Eknath,Bibek,Dhanajit,Chithayu,Eknath,Vjy10,10,24-11-2002,24-05-2015,2,1,1,,,,,F
11,Ekram,Bibhas,Dhananjay,Chitrabhanu,Ekram,Vjy11,11,24-11-2002,24-05-2015,2,1,1,,,,,M
12,Elango,Bibhavasu,Dhanesh,Chitragupta,Elango,Vjy12,12,24-11-2002,24-05-2015,2,1,1,,,,,F
13,Elil,Bijal,Dhanraj,Chitraksh,Elil,Vjy13,13,24-11-2002,24-05-2015,2,1,1,,,,,M
14,Elilarasan,Bikram,Dhansukh,Chitral,Elilarasan,Vjy14,14,24-11-2002,24-05-2015,2,1,1,,,,,F
15,Elilarasu,Bilva,Dhanvant,Chitrarath,Elilarasu,Vjy15,15,24-11-2002,24-05-2015,2,1,1,,,,,M
16,Elilvendan,Bimal,Dharanidhar,Chitrasen,Elilvendan,Vjy16,1,24-11-2002,24-05-2015,2,1,2,,,,,F
17,Ellu,Bindusar,Dharendra,Chitresh,Ellu,Vjy17,2,24-11-2002,24-05-2015,2,1,2,,,,,M
18,Elumalai,Bipin,Dharma,Chitta,Elumalai,Vjy18,3,24-11-2002,24-05-2015,2,1,2,,,,,F
19,Eshwar,Birbal,Dharmachandra,Chittaprasad,Eshwar,Vjy19,4,24-11-2002,24-05-2015,2,1,2,,,,,M
20,Etash,Bitasok,Dharmadas,Chittaranjan,Etash,Vjy20,5,24-11-2002,24-05-2015,2,1,2,,,,,F
21,Evyavan,Bodhan,Dharmadev,Chittaswarup,Evyavan,Vjy21,6,24-11-2002,24-05-2015,2,1,2,,,,,M
22,Faakhir,Boudhayan,Dharmaditya,Chittesh,Faakhir,Vjy22,7,24-11-2002,24-05-2015,2,1,2,,,,,F
23,Faaris,Brahmabrata,Dharmanand,Chudamani,Faaris,Vjy23,8,24-11-2002,24-05-2015,2,1,2,,,,,M
24,Faarooq,Brahmadutt,Dharmendra,Dabeet,Faarooq,Vjy24,9,24-11-2002,24-05-2015,2,1,2,,,,,F
25,Fadi,Bratindra,Dharmendu,Daha,Fadi,Vjy25,10,24-11-2002,24-05-2015,2,1,2,,,,,M
26,Fadl,Brijesh,Dharmesh,Daivya,Fadl,Vjy26,11,24-11-2002,24-05-2015,2,1,2,,,,,F
27,Fadl Ullah,Brijmohan,Dharmpal,Daiwik,Fadl Ullah,Vjy27,12,24-11-2002,24-05-2015,2,1,2,,,,,M
28,Fahad,Buddhadev,Dharmveer,Daksha,Fahad,Vjy28,13,24-11-2002,24-05-2015,2,1,2,,,,,F
29,Faisal,Buddhadeva,Dhaval,Dakshesh,Faisal,Vjy29,14,24-11-2002,24-05-2015,2,1,2,,,,,M
30,Faiyaz,Budhil,Dhavalachandra,Dakshi,Faiyaz,Vjy30,15,24-11-2002,24-05-2015,2,1,2,,,,,F
31,Faiz,Bukka,Dhawal,Dakshina,Faiz,Vjy31,1,24-11-2002,24-05-2015,2,1,3,,,,,M
32,Fakhry,Chaitanya,Dheeman,Dalajit,Fakhry,Vjy32,2,24-11-2002,24-05-2015,2,1,3,,,,,F
33,Falak,Chakor,Dheemant,Dalapathi,Falak,Vjy33,3,24-11-2002,24-05-2015,2,1,3,,,,,M
34,Falgu,Chakradev,Dheer,Dalbhya,Falgu,Vjy34,4,24-11-2002,24-05-2015,2,1,3,,,,,F
35,Falguni Phalguni,Chakradhar,Dheeran,Daman,Falguni Phalguni ,Vjy35,5,24-11-2002,24-05-2015,2,1,3,,,,,M
36,Fanibhusan,Chakrapani,Dheerendra,Damian,Fanibhusan,Vjy36,6,24-11-2002,24-05-2015,2,1,3,,,,,F
37,Fanindra,Chakshu,Dheivamani,Damodar,Fanindra,Vjy37,7,24-11-2002,24-05-2015,2,1,3,,,,,M
38,Fanish,Chaman,Dhevan,Danuj,Fanish,Vjy38,8,24-11-2002,24-05-2015,2,1,3,,,,,F
39,Fanishwar,Chamanlal,Dhevaneyan,Danvir,Fanishwar,Vjy39,9,24-11-2002,24-05-2015,2,1,3,,,,,M
40,Faraz,Champak,Dhikshit,Darpak,Faraz,Vjy40,10,24-11-2002,24-05-2015,2,1,3,,,,,F
41,Fareed,Chanakya,Dhinakar,Darpan,Fareed,Vjy41,11,24-11-2002,24-05-2015,2,1,3,,,,,M
42,Farhad,Chanchal,Dhinanta,Darshan,Farhad,Vjy42,12,24-11-2002,24-05-2015,2,1,3,,,,,F
43,Farhat,Chandak,Dhipin,Daruka,Farhat,Vjy43,13,24-11-2002,24-05-2015,2,1,3,,,,,M
44,Farid,Chandan,Dhiraj,Dasharath,Farid,Vjy44,14,24-11-2002,24-05-2015,2,1,3,,,,,F
45,Faris,Chandra,Dhiren,Dasharathi,Faris,Vjy45,15,24-11-2002,24-05-2015,2,1,3,,,,,M
46,Farukh Farokh,Chandrabhan,Dhirendra,Dasmaya,Farukh Farokh ,Vjy46,1,24-11-2002,24-05-2015,2,2,1,,,,,F
47,Fateen,Chandrachur,Dhritiman,Dattatreya,Fateen,Vjy47,2,24-11-2002,24-05-2015,2,2,1,,,,,M
48,Fateh,Chandrahas,Dhruv,Dayada,Fateh,Vjy48,3,24-11-2002,24-05-2015,2,2,1,,,,,F
49,Fatik,Chandrak,Dhvanya,Dayakara,Fatik,Vjy49,4,24-11-2002,24-05-2015,2,2,1,,,,,M
50,Fawaz,Chandrakanta,Dhwani,Dayanand,Fawaz,Vjy50,5,24-11-2002,24-05-2015,2,2,1,,,,,F
51,Fidaa,Chandrakiran,Dhyana,Dayanidhi,Fidaa,Vjy51,6,24-11-2002,24-05-2015,2,2,1,,,,,M
52,Firdaus,Chandrakirthi,Dhyanesh,Dayasagara,Firdaus,Vjy52,7,24-11-2002,24-05-2015,2,2,1,,,,,F
53,Firoz,Chandrakishore,Digamber,Dayashankar,Firoz,Vjy53,8,24-11-2002,24-05-2015,2,2,1,,,,,M
54,Fravash,Chandrakumar,Dilawar,Debashis,Fravash,Vjy54,9,24-11-2002,24-05-2015,2,2,1,,,,,F
55,Fuad,Chandramohan,Dilip,Debashish,Fuad,Vjy55,10,24-11-2002,24-05-2015,2,2,1,,,,,M
56,Gagan,Chandran,Dinanath,Deenabandhu,Gagan,Vjy56,11,24-11-2002,24-05-2015,2,2,1,,,,,F
57,Gaganvihari,Chandranath,Dinapati,Deep,Gaganvihari,Vjy57,12,24-11-2002,24-05-2015,2,2,1,,,,,M
58,Gajanan,Chandraprakash,Dinar,Deepak,Gajanan,Vjy58,13,24-11-2002,24-05-2015,2,2,1,,,,,F
59,Gajanand,Chandraraj,Dindayal,Deepan,Gajanand,Vjy59,14,24-11-2002,24-05-2015,2,2,1,,,,,M
60,Gajendra,Chandrashekar,Dinesh,Deepankar,Gajendra,Vjy60,15,24-11-2002,24-05-2015,2,2,1,,,,,F
61,Ganaka,Chandrashekhar,Dinkar,Deependra,Ganaka,Vjy61,1,24-11-2002,24-05-2015,2,2,2,,,,,M
62,Ganapati,Chandratha,Divakar,Deependu,Ganapati,Vjy62,2,24-11-2002,24-05-2015,2,2,2,,,,,F
63,Ganaraj,Chandresh,Divyanga,Deepesh,Ganaraj,Vjy63,3,24-11-2002,24-05-2015,2,2,2,,,,,M
64,Gandesha,Chandrodaya,Divyendu,Deepit,Gandesha,Vjy64,4,24-11-2002,24-05-2015,2,2,2,,,,,F
65,Gandhar,Chanyana,Divyesh,Deeptanshu,Gandhar,Vjy65,5,24-11-2002,24-05-2015,2,2,2,,,,,M
66,Gandharaj,Chapal,Drupad,Deeptendu,Gandharaj,Vjy66,6,24-11-2002,24-05-2015,2,2,2,,,,,F
67,Gandharva,Charan,Dulal,Deeptiman,Gandharva,Vjy67,7,24-11-2002,24-05-2015,2,2,2,,,,,M
68,Gandhik,Charanjit,DuraiMurugan,Deeptimoy,Gandhik,Vjy68,8,24-11-2002,24-05-2015,2,2,2,,,,,F
69,Gandira,Charu,Duranjaya,Dev,Gandira,Vjy69,9,24-11-2002,24-05-2015,2,2,2,,,,,M
70,Ganendra,Charudatta,Durjaya,Dev Kumar,Ganendra,Vjy70,10,24-11-2002,24-05-2015,2,2,2,,,,,F
71,Ganesh,Charudutta,Dushyanta,Devabrata,Ganesh,Vjy71,11,24-11-2002,24-05-2015,2,2,2,,,,,M
72,Gangadhar,Charuvardhana,Dwaipayan,Devachandra,Gangadhar,Vjy72,12,24-11-2002,24-05-2015,2,2,2,,,,,F
73,Gangadutt,Charuvindha,Dwijaraj,Devadarshan,Gangadutt,Vjy73,13,24-11-2002,24-05-2015,2,2,2,,,,,M
74,Gangesh,Chaturbhuj,Dwijendra,Devadas,Gangesh,Vjy74,14,24-11-2002,24-05-2015,2,2,2,,,,,F
75,Gangeya,Cheliyan,Dwijesh,Devadatta,Gangeya,Vjy75,15,24-11-2002,24-05-2015,2,2,2,,,,,M
76,Gangol,Chellamani,Dyumani,Devadhipa,Gangol,Vjy76,1,24-11-2002,24-05-2015,2,2,3,,,,,F
77,Ganjan,Chellamuthu,Dyutit,Devadutt,Ganjan,Vjy77,2,24-11-2002,24-05-2015,2,2,3,,,,,M
78,Garisht,Chellapan,Edhas,Devadyumna,Garisht,Vjy78,3,24-11-2002,24-05-2015,2,2,3,,,,,F
79,Gaurang,Chemmal,Edi,Devajyoti,Gaurang,Vjy79,4,24-11-2002,24-05-2015,2,2,3,,,,,M
80,Gaurav,Chetan,Ednit,Devak,Gaurav,Vjy80,5,24-11-2002,24-05-2015,2,2,3,,,,,F
81,Gaurinath,Chetana,Eeshwar,Devakantha,Gaurinath,Vjy81,6,24-11-2002,24-05-2015,2,2,3,,,,,M
82,Gautam,Chevatkodiyon,Egaiarasu,Devamadana,Gautam,Vjy82,7,24-11-2002,24-05-2015,2,2,3,,,,,F
83,Gavisht,Chhandak,Eha,Devanand,Gavisht,Vjy83,8,24-11-2002,24-05-2015,2,2,3,,,,,M
84,Gayak,Chidambar,Ehimay,Devang,Gayak,Vjy84,9,24-11-2002,24-05-2015,2,2,3,,,,,F
85,Gayan,Chidambaram,Eka,Devaraj,Gayan,Vjy85,10,24-11-2002,24-05-2015,2,2,3,,,,,M
86,Geet,Chidananda,Ekachandra,Devarpana,Geet,Vjy86,11,24-11-2002,24-05-2015,2,2,3,,,,,F
87,Ghalib,Chiman,Ekachith,Devarsi,Ghalib,Vjy87,12,24-11-2002,24-05-2015,2,2,3,,,,,M
88,Ghanashyam,Chinmay,Ekagrah,Devarya,Ghanashyam,Vjy88,13,24-11-2002,24-05-2015,2,2,3,,,,,F
89,Giri,Chinmayananda,Ekaksha,Devdas,Giri,Vjy89,14,24-11-2002,24-05-2015,2,2,3,,,,,M
90,Giridari,Chinnadurai,Ekalavya,Devdutta,Giridari,Vjy90,15,24-11-2002,24-05-2015,2,2,3,,,,,F
91,Bhooshit,Chintamani,Devendra,Ekalinga,Ekalinga,Vjy91,1,24-11-2002,24-05-2015,2,3,1,,,,,M
92,Bhudev,Chintan,Devesh,Ekambar,Ekambar,Vjy92,2,24-11-2002,24-05-2015,2,3,1,,,,,F
93,Bhumi,Chinthanaichelvan,Deveshwar,Ekana,Ekana,Vjy93,3,24-11-2002,24-05-2015,2,3,1,,,,,M
94,Bhupathi,Chintya,Devilal,Ekanath,Ekanath,Vjy94,4,24-11-2002,24-05-2015,2,3,1,,,,,F
95,Bhupen,Chirag,Deviprasad,Ekanga,Ekanga,Vjy95,5,24-11-2002,24-05-2015,2,3,1,,,,,M
96,Bhupendra,Chiranjeev,Devnarayan,Ekansh,Ekansh,Vjy96,6,24-11-2002,24-05-2015,2,3,1,,,,,F
97,Bhushan,Chirantan,Devnath,Ekapad,Ekapad,Vjy97,7,24-11-2002,24-05-2015,2,3,1,,,,,M
98,Bhuvan,Chirayu,Devraj,Ekaraj,Ekaraj,Vjy98,8,24-11-2002,24-05-2015,2,3,1,,,,,F
99,Bhuvanesh,Chirtrang,Devya,Ekatan,Ekatan,Vjy99,9,24-11-2002,24-05-2015,2,3,1,,,,,M
100,Bibek,Chithayu,Dhanajit,Eknath,Eknath,Vjy100,10,24-11-2002,24-05-2015,2,3,1,,,,,F
101,Bibhas,Chitrabhanu,Dhananjay,Ekram,Ekram,Vjy101,11,24-11-2002,24-05-2015,2,3,1,,,,,M
102,Bibhavasu,Chitragupta,Dhanesh,Elango,Elango,Vjy102,12,24-11-2002,24-05-2015,2,3,1,,,,,F
103,Bijal,Chitraksh,Dhanraj,Elil,Elil,Vjy103,13,24-11-2002,24-05-2015,2,3,1,,,,,M
104,Bikram,Chitral,Dhansukh,Elilarasan,Elilarasan,Vjy104,14,24-11-2002,24-05-2015,2,3,1,,,,,F
105,Bilva,Chitrarath,Dhanvant,Elilarasu,Elilarasu,Vjy105,15,24-11-2002,24-05-2015,2,3,1,,,,,M
106,Bimal,Chitrasen,Dharanidhar,Elilvendan,Elilvendan,Vjy106,1,24-11-2002,24-05-2015,2,3,2,,,,,F
107,Bindusar,Chitresh,Dharendra,Ellu,Ellu,Vjy107,2,24-11-2002,24-05-2015,2,3,2,,,,,M
108,Bipin,Chitta,Dharma,Elumalai,Elumalai,Vjy108,3,24-11-2002,24-05-2015,2,3,2,,,,,F
109,Birbal,Chittaprasad,Dharmachandra,Eshwar,Eshwar,Vjy109,4,24-11-2002,24-05-2015,2,3,2,,,,,M
110,Bitasok,Chittaranjan,Dharmadas,Etash,Etash,Vjy110,5,24-11-2002,24-05-2015,2,3,2,,,,,F
111,Bodhan,Chittaswarup,Dharmadev,Evyavan,Evyavan,Vjy111,6,24-11-2002,24-05-2015,2,3,2,,,,,M
112,Boudhayan,Chittesh,Dharmaditya,Faakhir,Faakhir,Vjy112,7,24-11-2002,24-05-2015,2,3,2,,,,,F
113,Brahmabrata,Chudamani,Dharmanand,Faaris,Faaris,Vjy113,8,24-11-2002,24-05-2015,2,3,2,,,,,M
114,Brahmadutt,Dabeet,Dharmendra,Faarooq,Faarooq,Vjy114,9,24-11-2002,24-05-2015,2,3,2,,,,,F
115,Bratindra,Daha,Dharmendu,Fadi,Fadi,Vjy115,10,24-11-2002,24-05-2015,2,3,2,,,,,M
116,Brijesh,Daivya,Dharmesh,Fadl,Fadl,Vjy116,11,24-11-2002,24-05-2015,2,3,2,,,,,F
117,Brijmohan,Daiwik,Dharmpal,Fadl Ullah,Fadl Ullah,Vjy117,12,24-11-2002,24-05-2015,2,3,2,,,,,M
118,Buddhadev,Daksha,Dharmveer,Fahad,Fahad,Vjy118,13,24-11-2002,24-05-2015,2,3,2,,,,,F
119,Buddhadeva,Dakshesh,Dhaval,Faisal,Faisal,Vjy119,14,24-11-2002,24-05-2015,2,3,2,,,,,M
120,Budhil,Dakshi,Dhavalachandra,Faiyaz,Faiyaz,Vjy120,15,24-11-2002,24-05-2015,2,3,2,,,,,F
121,Bukka,Dakshina,Dhawal,Faiz,Faiz,Vjy121,1,24-11-2002,24-05-2015,2,3,3,,,,,M
122,Chaitanya,Dalajit,Dheeman,Fakhry,Fakhry,Vjy122,2,24-11-2002,24-05-2015,2,3,3,,,,,F
123,Chakor,Dalapathi,Dheemant,Falak,Falak,Vjy123,3,24-11-2002,24-05-2015,2,3,3,,,,,M
124,Chakradev,Dalbhya,Dheer,Falgu,Falgu,Vjy124,4,24-11-2002,24-05-2015,2,3,3,,,,,F
125,Chakradhar,Daman,Dheeran,Falguni Phalguni,Falguni Phalguni ,Vjy125,5,24-11-2002,24-05-2015,2,3,3,,,,,M
126,Chakrapani,Damian,Dheerendra,Fanibhusan,Fanibhusan,Vjy126,6,24-11-2002,24-05-2015,2,3,3,,,,,F
127,Chakshu,Damodar,Dheivamani,Fanindra,Fanindra,Vjy127,7,24-11-2002,24-05-2015,2,3,3,,,,,M
128,Chaman,Danuj,Dhevan,Fanish,Fanish,Vjy128,8,24-11-2002,24-05-2015,2,3,3,,,,,F
129,Chamanlal,Danvir,Dhevaneyan,Fanishwar,Fanishwar,Vjy129,9,24-11-2002,24-05-2015,2,3,3,,,,,M
130,Champak,Darpak,Dhikshit,Faraz,Faraz,Vjy130,10,24-11-2002,24-05-2015,2,3,3,,,,,F
131,Chanakya,Darpan,Dhinakar,Fareed,Fareed,Vjy131,11,24-11-2002,24-05-2015,2,3,3,,,,,M
132,Chanchal,Darshan,Dhinanta,Farhad,Farhad,Vjy132,12,24-11-2002,24-05-2015,2,3,3,,,,,F
133,Chandak,Daruka,Dhipin,Farhat,Farhat,Vjy133,13,24-11-2002,24-05-2015,2,3,3,,,,,M
134,Chandan,Dasharath,Dhiraj,Farid,Farid,Vjy134,14,24-11-2002,24-05-2015,2,3,3,,,,,F
135,Chandra,Dasharathi,Dhiren,Faris,Faris,Vjy135,15,24-11-2002,24-05-2015,2,3,3,,,,,M
136,Chandrabhan,Dasmaya,Dhirendra,Farukh Farokh,Farukh Farokh,Vjy136,1,24-11-2002,24-05-2015,2,4,1,,,,,F
137,Chandrachur,Dattatreya,Dhritiman,Fateen,Fateen,Vjy137,2,24-11-2002,24-05-2015,2,4,1,,,,,M
138,Chandrahas,Dayada,Dhruv,Fateh,Fateh,Vjy138,3,24-11-2002,24-05-2015,2,4,1,,,,,F
139,Chandrak,Dayakara,Dhvanya,Fatik,Fatik,Vjy139,4,24-11-2002,24-05-2015,2,4,1,,,,,M
140,Chandrakanta,Dayanand,Dhwani,Fawaz,Fawaz,Vjy140,5,24-11-2002,24-05-2015,2,4,1,,,,,F
141,Chandrakiran,Dayanidhi,Dhyana,Fidaa,Fidaa,Vjy141,6,24-11-2002,24-05-2015,2,4,1,,,,,M
142,Chandrakirthi,Dayasagara,Dhyanesh,Firdaus,Firdaus,Vjy142,7,24-11-2002,24-05-2015,2,4,1,,,,,F
143,Chandrakishore,Dayashankar,Digamber,Firoz,Firoz,Vjy143,8,24-11-2002,24-05-2015,2,4,1,,,,,M
144,Chandrakumar,Debashis,Dilawar,Fravash,Fravash,Vjy144,9,24-11-2002,24-05-2015,2,4,1,,,,,F
145,Chandramohan,Debashish,Dilip,Fuad,Fuad,Vjy145,10,24-11-2002,24-05-2015,2,4,1,,,,,M
146,Chandran,Deenabandhu,Dinanath,Gagan,Gagan,Vjy146,11,24-11-2002,24-05-2015,2,4,1,,,,,F
147,Chandranath,Deep,Dinapati,Gaganvihari,Gaganvihari,Vjy147,12,24-11-2002,24-05-2015,2,4,1,,,,,M
148,Chandraprakash,Deepak,Dinar,Gajanan,Gajanan,Vjy148,13,24-11-2002,24-05-2015,2,4,1,,,,,F
149,Chandraraj,Deepan,Dindayal,Gajanand,Gajanand,Vjy149,14,24-11-2002,24-05-2015,2,4,1,,,,,M
150,Chandrashekar,Deepankar,Dinesh,Gajendra,Gajendra,Vjy150,15,24-11-2002,24-05-2015,2,4,1,,,,,F
151,Chandrashekhar,Deependra,Dinkar,Ganaka,Ganaka,Vjy151,1,24-11-2002,24-05-2015,2,4,2,,,,,M
152,Chandratha,Deependu,Divakar,Ganapati,Ganapati,Vjy152,2,24-11-2002,24-05-2015,2,4,2,,,,,F
153,Chandresh,Deepesh,Divyanga,Ganaraj,Ganaraj,Vjy153,3,24-11-2002,24-05-2015,2,4,2,,,,,M
154,Chandrodaya,Deepit,Divyendu,Gandesha,Gandesha,Vjy154,4,24-11-2002,24-05-2015,2,4,2,,,,,F
155,Chanyana,Deeptanshu,Divyesh,Gandhar,Gandhar,Vjy155,5,24-11-2002,24-05-2015,2,4,2,,,,,M
156,Chapal,Deeptendu,Drupad,Gandharaj,Gandharaj,Vjy156,6,24-11-2002,24-05-2015,2,4,2,,,,,F
157,Charan,Deeptiman,Dulal,Gandharva,Gandharva,Vjy157,7,24-11-2002,24-05-2015,2,4,2,,,,,M
158,Charanjit,Deeptimoy,DuraiMurugan,Gandhik,Gandhik,Vjy158,8,24-11-2002,24-05-2015,2,4,2,,,,,F
159,Charu,Dev,Duranjaya,Gandira,Gandira,Vjy159,9,24-11-2002,24-05-2015,2,4,2,,,,,M
160,Charudatta,Dev Kumar,Durjaya,Ganendra,Ganendra,Vjy160,10,24-11-2002,24-05-2015,2,4,2,,,,,F
161,Charudutta,Devabrata,Dushyanta,Ganesh,Ganesh,Vjy161,11,24-11-2002,24-05-2015,2,4,2,,,,,M
162,Charuvardhana,Devachandra,Dwaipayan,Gangadhar,Gangadhar,Vjy162,12,24-11-2002,24-05-2015,2,4,2,,,,,F
163,Charuvindha,Devadarshan,Dwijaraj,Gangadutt,Gangadutt,Vjy163,13,24-11-2002,24-05-2015,2,4,2,,,,,M
164,Chaturbhuj,Devadas,Dwijendra,Gangesh,Gangesh,Vjy164,14,24-11-2002,24-05-2015,2,4,2,,,,,F
165,Cheliyan,Devadatta,Dwijesh,Gangeya,Gangeya,Vjy165,15,24-11-2002,24-05-2015,2,4,2,,,,,M
166,Chellamani,Devadhipa,Dyumani,Gangol,Gangol,Vjy166,1,24-11-2002,24-05-2015,2,4,3,,,,,F
167,Chellamuthu,Devadutt,Dyutit,Ganjan,Ganjan,Vjy167,2,24-11-2002,24-05-2015,2,4,3,,,,,M
168,Chellapan,Devadyumna,Edhas,Garisht,Garisht,Vjy168,3,24-11-2002,24-05-2015,2,4,3,,,,,F
169,Chemmal,Devajyoti,Edi,Gaurang,Gaurang,Vjy169,4,24-11-2002,24-05-2015,2,4,3,,,,,M
170,Chetan,Devak,Ednit,Gaurav,Gaurav,Vjy170,5,24-11-2002,24-05-2015,2,4,3,,,,,F
171,Chetana,Devakantha,Eeshwar,Gaurinath,Gaurinath,Vjy171,6,24-11-2002,24-05-2015,2,4,3,,,,,M
172,Chevatkodiyon,Devamadana,Egaiarasu,Gautam,Gautam,Vjy172,7,24-11-2002,24-05-2015,2,4,3,,,,,F
173,Chhandak,Devanand,Eha,Gavisht,Gavisht,Vjy173,8,24-11-2002,24-05-2015,2,4,3,,,,,M
174,Chidambar,Devang,Ehimay,Gayak,Gayak,Vjy174,9,24-11-2002,24-05-2015,2,4,3,,,,,F
175,Chidambaram,Devaraj,Eka,Gayan,Gayan,Vjy175,10,24-11-2002,24-05-2015,2,4,3,,,,,M
176,Chidananda,Devarpana,Ekachandra,Geet,Geet,Vjy176,11,24-11-2002,24-05-2015,2,4,3,,,,,F
177,Chiman,Devarsi,Ekachith,Ghalib,Ghalib,Vjy177,12,24-11-2002,24-05-2015,2,4,3,,,,,M
178,Chinmay,Devarya,Ekagrah,Ghanashyam,Ghanashyam,Vjy178,13,24-11-2002,24-05-2015,2,4,3,,,,,F
179,Chinmayananda,Devdas,Ekaksha,Giri,Giri,Vjy179,14,24-11-2002,24-05-2015,2,4,3,,,,,M
180,Chinnadurai,Devdutta,Ekalavya,Giridari,Giridari,Vjy180,15,24-11-2002,24-05-2015,2,4,3,,,,,F
181,Giridhar,Hamid,Hem,Ilango,Ilango,Vjy181,1,24-11-2002,24-05-2015,2,5,1,,,,,M
182,Girik,Hamir,Hemachandra,Ilanthirayan,Ilanthirayan,Vjy182,2,24-11-2002,24-05-2015,2,5,1,,,,,F
183,Girilal,Hans,Hemadri,Ilavalagan,Ilavalagan,Vjy183,3,24-11-2002,24-05-2015,2,5,1,,,,,M
184,Girindra,Hansaraj,Hemamdar,Ilavarasan,Ilavarasan,Vjy184,4,24-11-2002,24-05-2015,2,5,1,,,,,F
185,Giriraj,Hanuman,Heman,Ilavenil,Ilavenil,Vjy185,5,24-11-2002,24-05-2015,2,5,1,,,,,M
186,Girish,Hanumant,Hemang,Ilesh,Ilesh,Vjy186,6,24-11-2002,24-05-2015,2,5,1,,,,,F
187,Gokul,Hardik,Hemanga,Iman,Iman,Vjy187,7,24-11-2002,24-05-2015,2,5,1,,,,,M
188,Gopal,Harekrishna,Hemant,Imaran,Imaran,Vjy188,8,24-11-2002,24-05-2015,2,5,1,,,,,F
189,Gopan,Harendra,Hemaraj,Imtiaz,Imtiaz,Vjy189,9,24-11-2002,24-05-2015,2,5,1,,,,,M
190,Gopesh,Haresh,Hemendra,Inakanta,Inakanta,Vjy190,10,24-11-2002,24-05-2015,2,5,1,,,,,F
191,Gopichand,Hari,Hemendu,Inbanathan,Inbanathan,Vjy191,11,24-11-2002,24-05-2015,2,5,1,,,,,M
192,Gorakh,Haridas,Heramba,Indeever,Indeever,Vjy192,12,24-11-2002,24-05-2015,2,5,1,,,,,F
193,Gourishankar,Harigopal,Himachal,Indivar,Indivar,Vjy193,13,24-11-2002,24-05-2015,2,5,1,,,,,M
194,Govind,Harihar,Himadri,Indra,Indra,Vjy194,14,24-11-2002,24-05-2015,2,5,1,,,,,F
195,Govinda,Harikanth,Himaghna,Indradutt,Indradutt,Vjy195,15,24-11-2002,24-05-2015,2,5,1,,,,,M
196,Grahish,Harilal,Himanshu,Indrajeet,Indrajeet,Vjy196,1,24-11-2002,24-05-2015,2,5,2,,,,,F
197,Granthik,Harinaksh,Himmat,Indrajit,Indrajit,Vjy197,2,24-11-2002,24-05-2015,2,5,2,,,,,M
198,Grihith,Harinarayan,Himnish,Indrakanta,Indrakanta,Vjy198,3,24-11-2002,24-05-2015,2,5,2,,,,,F
199,Gudakesha,Hariom,Hiranmay,Indraneel,Indraneel,Vjy199,4,24-11-2002,24-05-2015,2,5,2,,,,,M
200,Gulab,Hariprasad,Hiranya,Indrasena,Indrasena,Vjy200,5,24-11-2002,24-05-2015,2,5,2,,,,,F
201,Gulfam,Hariraj,Hirendra,Indrasuta,Indrasuta,Vjy201,6,24-11-2002,24-05-2015,2,5,2,,,,,M
202,Gulzar,Hariram,Hiresh,Indratan,Indratan,Vjy202,7,24-11-2002,24-05-2015,2,5,2,,,,,F
203,Gulzarilal,Harish,Hitendra,Indubhushan,Indubhushan,Vjy203,8,24-11-2002,24-05-2015,2,5,2,,,,,M
204,Gunalan,Harishankar,Hriday,Induhasan,Induhasan,Vjy204,9,24-11-2002,24-05-2015,2,5,2,,,,,F
205,Gunaratna,Harishchandra,Hridayanand,Indukanta,Indukanta,Vjy205,10,24-11-2002,24-05-2015,2,5,2,,,,,M
206,Gunayukth,Haritbaran,Hridayesh,Indulal,Indulal,Vjy206,11,24-11-2002,24-05-2015,2,5,2,,,,,F
207,Gunjan,Harith,Hridaynath,Indumat,Indumat,Vjy207,12,24-11-2002,24-05-2015,2,5,2,,,,,M
208,Gunwant,Harjeet,Hridik,Indushekhar,Indushekhar,Vjy208,13,24-11-2002,24-05-2015,2,5,2,,,,,F
209,Gupil,Harkrishna,Hriman,Inesh,Inesh,Vjy209,14,24-11-2002,24-05-2015,2,5,2,,,,,M
210,Gurbachan,Harmendra,Hrishikesh,Iniyavan,Iniyavan,Vjy210,15,24-11-2002,24-05-2015,2,5,2,,,,,F
211,Gurcharan,Haroon,Hritish,Intekhab,Intekhab,Vjy211,1,24-11-2002,24-05-2015,2,5,3,,,,,M
212,Gurdayal,Harsh,Hurditya,Iqbal,Iqbal,Vjy212,2,24-11-2002,24-05-2015,2,5,3,,,,,F
213,Gurdeep,Harsha,Hussain,Iraiyavan,Iraiyavan,Vjy213,3,24-11-2002,24-05-2015,2,5,3,,,,,M
214,Gurmeet,Harshad,Ibhanan,Irfan,Irfan,Vjy214,4,24-11-2002,24-05-2015,2,5,3,,,,,F
215,Gurnam,Harshal,Ibhya,Iri,Iri,Vjy215,5,24-11-2002,24-05-2015,2,5,3,,,,,M
216,Gurpreet,Harshaman,Ibrahim,Irshaad,Irshaad,Vjy216,6,24-11-2002,24-05-2015,2,5,3,,,,,F
217,Gursharan,Harshavardhan,Idris,Irya,Irya,Vjy217,7,24-11-2002,24-05-2015,2,5,3,,,,,M
218,Guru,Harshil,Iham,Isaiarasu,Isaiarasu,Vjy218,8,24-11-2002,24-05-2015,2,5,3,,,,,F
219,Gurudas,Harshit,Ihit,Isaivalan,Isaivalan,Vjy219,9,24-11-2002,24-05-2015,2,5,3,,,,,M
220,Gurudutt,Harshul,Ikshu,Isar,Isar,Vjy220,10,24-11-2002,24-05-2015,2,5,3,,,,,F
221,Gyan,Harshvardhan,Ilaiyavan,Ishan,Ishan,Vjy221,11,24-11-2002,24-05-2015,2,5,3,,,,,M
222,Gyandev,Hashmat,Ilamporai,Ishrat,Ishrat,Vjy222,12,24-11-2002,24-05-2015,2,5,3,,,,,F
223,Habib,Hasit,Ilamurugu,Ishwar,Ishwar,Vjy223,13,24-11-2002,24-05-2015,2,5,3,,,,,M
224,Hafiz,Hassan,Ilancheliyan,Itish,Itish,Vjy224,14,24-11-2002,24-05-2015,2,5,3,,,,,F
225,Hakesh,Heer,Ilandevan,Iyyappan,Iyyappan,Vjy225,15,24-11-2002,24-05-2015,2,5,3,,,,,M
